{
  "Custom1_\u5206\u6563\u77e9\u5f62": {
    "HCPP": {
      "coverage_ratio": 1.0,
      "path_length": 892,
      "local_extremums": 0,
      "computation_time": 0.3514084815979004,
      "num_turns": 108,
      "wall_time": 0.3514220714569092
    },
    "BSA": {
      "coverage_ratio": 1.0,
      "path_length": 912,
      "local_extremums": 8,
      "computation_time": 0.13749003410339355,
      "num_turns": 114,
      "wall_time": 0.14256834983825684
    },
    "FS-STC": {
      "coverage_ratio": 1.0,
      "path_length": 873,
      "local_extremums": 7,
      "computation_time": 9.017394065856934,
      "num_turns": 206,
      "wall_time": 9.03895115852356
    },
    "SP2E": {
      "coverage_ratio": 1.0,
      "path_length": 901,
      "local_extremums": 158,
      "computation_time": 0.08159089088439941,
      "num_turns": 140,
      "wall_time": 0.08259081840515137
    },
    "Epsilon*": {
      "coverage_ratio": 1.0,
      "path_length": 1398,
      "local_extremums": 2,
      "computation_time": 0.4737517833709717,
      "num_turns": 130,
      "wall_time": 0.4737517833709717
    }
  },
  "Custom2_L\u5f62\u7ec4\u5408": {
    "HCPP": {
      "coverage_ratio": 1.0,
      "path_length": 906,
      "local_extremums": 0,
      "computation_time": 0.37189507484436035,
      "num_turns": 115,
      "wall_time": 0.3728950023651123
    },
    "BSA": {
      "coverage_ratio": 1.0,
      "path_length": 909,
      "local_extremums": 1,
      "computation_time": 0.10907936096191406,
      "num_turns": 121,
      "wall_time": 0.11112785339355469
    },
    "FS-STC": {
      "coverage_ratio": 1.0,
      "path_length": 871,
      "local_extremums": 9,
      "computation_time": 9.347429752349854,
      "num_turns": 105,
      "wall_time": 9.380936622619629
    },
    "SP2E": {
      "coverage_ratio": 1.0,
      "path_length": 917,
      "local_extremums": 256,
      "computation_time": 0.1493222713470459,
      "num_turns": 164,
      "wall_time": 0.15030813217163086
    },
    "Epsilon*": {
      "coverage_ratio": 1.0,
      "path_length": 1580,
      "local_extremums": 0,
      "computation_time": 0.6777892112731934,
      "num_turns": 252,
      "wall_time": 0.6777892112731934
    }
  }
}